metodo,TP,FP,FN,Precision,Sensibilidad
K_means_color_PF,48034,45312,36475,51.4580164120584,56.8389165650996
