metodo,TP,FP,FN,Precision,Sensibilidad
K_means_PF,19583,48979,15866,28.562469006155,55.242743095715
