metodo,TP,FP,FN,Precision,Sensibilidad
K_means_color_PF,30956,5068,4493,85.9316011547857,87.325453468363
