metodo,TP,FP,FN,Precision,Sensibilidad
Canny_PF,26658,7760,57851,77.453657969667,31.5445692174798
