metodo,TP,FP,FN,Precision,Sensibilidad
K_means_Uninfected,15152,31033,12186,32.8071884811086,55.4246835906065
