metodo,TP,FP,FN,Precision,Sensibilidad
Canny_Uninfected,15439,7886,11899,66.1907824222937,56.4745043529154
