metodo,TP,FP,FN,Precision,Sensibilidad
Otsu_PV,35584,102760,7517,25.7213901578673,82.559569383541
