metodo,TP,FP,FN,Precision,Sensibilidad
Otsu_Uninfected,25391,939,1947,96.4337257880744,92.8780452117931
