metodo,TP,FP,FN,Precision,Sensibilidad
Otsu_PF,32844,1128,2605,96.6796185093607,92.6514147084544
