metodo,TP,FP,FN,Precision,Sensibilidad
Otsu_PF,62140,80673,22369,43.5114450365163,73.5306298737413
