metodo,TP,FP,FN,Precision,Sensibilidad
Canny_PV,10495,12917,32606,44.8274389202119,24.3497830676782
