metodo,TP,FP,FN,Precision,Sensibilidad
K_means_PV,24196,1128220,18905,2.09958903729209,56.1379086332104
