metodo,Total_ruido,Media,Total_imagenes
Otsu,64013,56.102541630149,1141
Canny,4310,3.77738825591586,1141
K-means,537056,470.688869412796,1141
K-means color,35243,30.8878177037686,1141
