metodo,TP,FP,FN,Precision,Sensibilidad
K-means_PF,49114,758801,35395,6.07910485632771,58.1168869587855
