metodo,TP,FP,FN,Precision,Sensibilidad
K_means_color_PV,25213,52728,17888,32.3488279596105,58.4974826570149
