metodo,TP,FP,FN,Precision,Sensibilidad
Canny_PF,18632,17011,16817,52.2739387818085,52.5600157973427
